dataset cartas;carta1;carta2;carta3;energy;Pd;Pn
;24382;27818;64.92;;27818;7096
;24935;31100;58.46;;31100;7106
;23584;28429;63.35;;28429;7095
;23620;28181;50.54;;28181;7087
;23390;26104;64.89;;26104;4029
;22354;23714;64.76;;23714;4828
;28484;29738;64.17;;29738;5995
;25146;27150;70.99;;27150;6741
;25750;26891;61.05;;26891;6852
;23505;24255;59.46;;24255;6014
;21033;21192;54.98;;21192;5039
;25272;24533;58.27;;24533;5398
;25750;29589;52.54;;29589;7102
;25764;28733;54.69;;28733;7099
;25617;30452;45.38;;30452;7103
;26119;31431;43.7;;31431;7101
;26782;32145;47.98;;32145;7102
;25227;29484;50.61;;29484;7105
;24650;27066;49.19;;27066;7104
;26475;28441;53.55;;28441;6097
;26868;27952;59.37;;27952;6098
;27137;32472;48.08;;32472;6630
;27253;31053;51.21;;31053;7095
;27485;30843;55.81;;30843;7098
;25569;31447;47.86;;31447;7097
;24631;28536;49.56;;28536;7100
;26315;28389;53.05;;28389;7104
;26815;31412;51.88;;31412;7103
;26313;28958;51.07;;28958;7097
;26636;34947;16.79;;34947;7093
;26851;31758;24.91;;31758;7098
;21881;24301;21.3;;24301;7098
;24609;27469;49.27;;27469;7106
;23007;29939;38.45;;29939;7092
;22718;26714;36.99;;26714;7088
;20879;22370;36.21;;22370;3929
;24329;24499;44.28;;24499;4960
;27027;28043;63.59;;28043;5988
;23668;24647;57.09;;24647;6764
;25614;27472;41.5;;27472;6849
;23485;23955;59.36;;23955;6009
;21063;27617;56.95;;27617;5046
;25266;25103;64.47;;25103;5472
;26802;30033;59.45;;30033;7100
;26689;30595;48;;30595;7103
;25048;31573;34.6;;31573;7106
;24066;27467;49.9;;27467;7106
;25887;31618;46.11;;31618;7108
;26074;32929;38;;32929;7108
;25854;27769;57.64;;27769;7106
;25902;27490;58.15;;27490;7109
;26017;27996;54.57;;27996;7104
;24723;31226;25.86;;31226;7109
;24048;30971;23.88;;30971;7107
;26059;33182;18.21;;33182;7104
;26092;30189;37.56;;30189;7105
;26102;30676;37.72;;30676;7104
;25775;30586;40.36;;30586;7103
;25645;28169;40.81;;28169;7106
;24723;26203;40.01;;26203;7097
;26977;32932;29.43;;32932;7111
;24285;26271;59.33;;26271;7095
;21052;24580;51.51;;24580;7081
;21739;24622;20.42;;24622;4000
;24928;26408;46.44;;26408;4972
;27247;28193;54.75;;28193;5995
;24316;25689;57.53;;25689;6744
;25313;26721;48.28;;26721;6880
;23419;24683;54.18;;24683;5899
;22481;26159;53.27;;26159;5039
;25416;25734;52.44;;25734;5866
;24497;28206;41.05;;28206;7093
;24615;26606;51.06;;26606;7080
;23002;25137;52.95;;25137;6718
;22803;24974;57.06;;24974;6967
;24962;27007;54.16;;27007;7092
;25028;27595;49.77;;27595;7099
;24904;27312;42.35;;27312;7100
;24536;29133;37.89;;29133;7096
;24605;27455;53.86;;27455;7098
;23278;25256;49.61;;25256;7097
;23034;23750;60.1;;23750;7097
;25005;29757;42.98;;29757;7098
;25180;28076;44.65;;28076;7097
;24994;28883;47.53;;28883;7096
;25407;29388;44.71;;29388;7094
;24746;27300;54.35;;27300;7095
;22123;26501;48.1;;26501;7094
;21435;27014;38.8;;27014;7091
;22552;26083;39.88;;26083;7086
;22546;26722;32.12;;26722;7097
;25998;32283;39.24;;32283;6078
;23285;27530;45.13;;27530;6521
;19712;24262;38.66;;24262;7094
;20774;20931;29.73;;20931;4027
;24239;26280;45.85;;26280;4978
;25880;28183;50.71;;28183;5985
;24755;24606;39.18;;24606;6695
;23834;25355;51.78;;25355;6889
;20535;20251;53.23;;20251;4905
;22283;22958;54.5;;22958;5046
;23958;25159;52.14;;25159;6081
;20935;26468;45.45;;26468;7089
;22358;27425;44.67;;27425;7094
;22781;27075;45.23;;27075;7090
;22560;24111;55.28;;24111;7092
;22779;24760;54.25;;24760;7088
;22576;23938;59.61;;23938;7033
;20806;24165;46.94;;24165;6664
;20745;22232;58.53;;22232;6891
;22462;29456;51.3;;29456;7064
;22730;27762;45.19;;27762;6048
;22397;24268;63.48;;24268;6041
;22124;23788;67;;23788;6030
;22450;25360;51.5;;25360;6038
;20725;26027;42.73;;26027;6039
;20936;27249;41.6;;27249;5019
;22438;27124;50.68;;27124;5021
;22303;25509;68.04;;25509;5029
;22595;25193;64.88;;25193;4044
;22089;24392;49.79;;24392;7097
;26052;34442;53.77;;34442;6078
;24156;31046;45.7;;31046;6185
;19928;26536;58.47;;26536;7092
;22992;30835;29.98;;30835;4022
;23995;26941;60.82;;26941;5006
;24390;26939;59.9;;26939;5972
;24975;25210;37.22;;25210;6701
;22893;25141;61.93;;25141;6908
;21305;26344;57.27;;26344;4897
;22209;23126;56.82;;23126;5039
;23884;24799;56.3;;24799;6090
;23031;25076;54.06;;25076;5042
;23836;25255;53.43;;25255;5052
;23878;28128;39.2;;28128;5045
;22843;26107;43.88;;26107;5060
;21154;28451;33.38;;28451;5057
;21382;24042;56.81;;24042;5042
;23385;25090;45.91;;25090;5049
;23009;25664;48.13;;25664;5046
;22838;25128;44.23;;25128;5054
;23197;26021;48.45;;26021;5066
;22995;26129;42.76;;26129;5057
;21244;25589;38.31;;25589;5008
;21114;22232;50.97;;22232;5058
;22932;23872;50.52;;23872;5044
;23266;27473;47.48;;27473;5045
;23174;26215;55.66;;26215;5033
;23628;26047;54.3;;26047;5031
;22967;23466;60.36;;23466;5036
;21121;23520;57.64;;23520;5442
;22118;24826;54.54;;24826;7098
;26211;32293;56.01;;32293;7094
;23966;27967;54.77;;27967;6210
;19458;23691;57.84;;23691;7088
;22639;25943;53.64;;25943;4042
;23979;26360;53.28;;26360;4976
;24743;27215;52.3;;27215;5958
;25114;25925;54.38;;25925;6706
;20908;24057;53.12;;24057;6909
;22948;29007;58.52;;29007;4878
;22283;22326;61.6;;22326;5043
;22186;26307;64.31;;26307;6092
;23028;23559;63.83;;23559;5013
;21107;24278;57.04;;24278;5023
;21349;24397;53.46;;24397;5033
;22668;24356;53.5;;24356;5019
;22969;26086;50.93;;26086;5015
;23254;26462;40.52;;26462;5018
;23887;26257;44.1;;26257;5017
;24018;25867;47.38;;25867;5012
;22320;25144;52.6;;25144;5056
;22599;23745;61.87;;23745;5318
;24465;25208;62.06;;25208;5431
;23555;25410;59.28;;25410;5886
;23806;25655;63.45;;25655;5994
;24625;26066;66.32;;26066;5989
;25135;26930;54.8;;26930;5933
;23737;25424;55.8;;25424;5996
;24227;26046;55.61;;26046;5990
;26790;29327;57.98;;29327;6003
;22029;24739;55.91;;24739;7096
;26000;29939;59.58;;29939;7106
;23455;25830;65.01;;25830;6870
;20900;25379;59.8;;25379;7091
;22719;25332;56.37;;25332;4045
;22212;26704;54.75;;26704;4609
;27142;28065;59.13;;28065;5953
;25380;25749;55.52;;25749;6685
;20885;23767;53.55;;23767;6906
;22608;24433;67.42;;24433;4885
;22063;22347;56.06;;22347;5042
;21724;26318;58.11;;26318;6090
;24718;27443;57.27;;27443;6279
;26848;28548;55.15;;28548;6735
;26999;28917;55.29;;28917;6852
;27326;28235;57.93;;28235;6847
;27585;28045;56.52;;28045;6866
;26897;26991;69.04;;26991;6606
;24387;25214;63.03;;25214;6545
;25026;26780;58.66;;26780;6854
;27403;28014;59.09;;28014;6876
;27443;27893;58.94;;27893;6839
;27259;29366;56.53;;29366;6780
;27306;27541;56.59;;27541;6849
;26608;28947;52.4;;28947;6851
;23837;24940;55.87;;24940;6884
;24766;26376;53.18;;26376;6863
;26786;26765;56.63;;26765;6866
;27168;28887;59.12;;28887;6807
;27116;30001;56.73;;30001;6771
;25867;28367;53.9;;28367;6776
;24481;27343;52.5;;27343;7101
;24483;28334;52.69;;28334;7049
;21490;24866;54.52;;24866;6937
;22528;28746;54.9;;28746;7093
;22967;30107;57.29;;30107;4135
;22685;24655;61.45;;24655;5002
;27412;28831;57.81;;28831;5934
;25368;26438;54.42;;26438;6683
;22524;24401;55.01;;24401;6911
;22233;23507;56.21;;23507;4901
;20229;23734;55.69;;23734;5037
;21860;25362;55.94;;25362;6090
;24801;26201;54.78;;26201;6582
;23674;26597;49.37;;26597;6608
;22967;23665;56.98;;23665;6623
;21312;22938;57.73;;22938;6613
;21627;23474;56.51;;23474;6621
;22776;24508;53.49;;24508;6616
;22658;26083;50.91;;26083;6664
;23299;25247;52.34;;25247;6671
;24088;25836;56.43;;25836;6680
;24028;25190;56.85;;25190;6671
;22066;25211;50.96;;25211;6682
;22218;28792;37.73;;28792;6699
;23484;24827;56.15;;24827;6715
;23040;25250;51.07;;25250;6735
;24183;25431;56.34;;25431;6724
;24388;25451;56.73;;25451;6718
;24765;26021;55.78;;26021;6734
;23306;25713;52;;25713;6738
;23338;25583;55.23;;25583;6796
;24653;27492;55.42;;27492;7107
;24142;32214;53.13;;32214;6701
;21519;25900;50.35;;25900;6974
;22784;24132;50.3;;24132;7096
;22784;24422;52.94;;24422;4784
;24207;26226;55.22;;26226;4984
;27412;30934;54.85;;30934;5891
;22740;28059;60.14;;28059;6713
;22690;24469;63.47;;24469;6915
;22222;22359;61.06;;22359;4946
;20254;20010;63.56;;20010;5040
;21857;23826;53.32;;23826;6089
;21144;23870;50.85;;23870;6886
;21283;26295;43.07;;26295;6906
;22698;24177;56.86;;24177;6929
;23148;28722;25.22;;28722;6898
;23044;28511;42.06;;28511;6902
;22455;23771;55.97;;23771;6924
;22298;24750;51.11;;24750;6912
;20642;23999;50.45;;23999;6924
;20990;22462;58.11;;22462;6921
;22814;23969;53.96;;23969;6913
;23053;25382;47.52;;25382;6920
;23117;24951;52.42;;24951;6911
;22860;24173;55.83;;24173;6925
;22779;23142;56.04;;23142;6914
;21051;22516;54.19;;22516;5988
;20903;23337;51.23;;23337;5997
;22644;23625;53.13;;23625;6005
;22529;23844;52.82;;23844;6006
;24781;26668;56.61;;26668;7104
;26045;30664;60.07;;30664;6955
;23200;25818;54.5;;25818;6974
;22638;24621;50.19;;24621;7101
;21022;24503;36.62;;24503;5045
;24278;24639;35.62;;24639;5011
;27175;28792;58.94;;28792;5933
;22516;24617;53.79;;24617;6719
;23058;24927;53.99;;24927;6894
;21964;20421;56.72;;20421;4962
;21825;22108;51.81;;22108;5039
;23592;24720;50.23;;24720;6087
;20306;24220;47.11;;24220;5941
;21993;24369;47.56;;24369;5953
;21952;23906;48.51;;23906;5962
;22099;22037;59.75;;22037;5980
;22029;22141;54.5;;22141;4973
;20354;20837;51.43;;20837;4960
;20669;21778;53.38;;21778;4967
;22212;23656;49.17;;23656;4965
;22277;27670;48.38;;27670;5213
;22269;24457;49.44;;24457;5901
;22224;23054;55.13;;23054;5978
;21904;23690;51.7;;23690;5990
;20261;22339;50.14;;22339;5980
;20785;23264;49.57;;23264;5966
;22719;24085;46.94;;24085;5953
;22887;28595;42.17;;28595;5956
;22927;26718;49.23;;26718;5964
;23251;22644;50.96;;22644;5942
;23005;25408;43.98;;25408;5041
;24732;28761;49.82;;28761;7088
;27088;30347;38.25;;30347;7111
;24163;26622;45.52;;26622;7034
;24002;24064;50.05;;24064;6700
;22203;23459;49.48;;23459;5039
;25281;25761;54.27;;25761;5005
;28011;28978;57.32;;28978;5923
;25428;26416;49.83;;26416;6702
;24041;23720;66.96;;23720;6897
;21508;19957;63.61;;19957;5359
;22893;22936;63.87;;22936;5045
;24978;24771;65.33;;24771;6093
;23385;22967;64.8;;22967;5045
;23208;23651;52.52;;23651;5052
;21329;21196;57.1;;21196;5205
;21329;21687;58.69;;21687;5483
;23329;23947;57.64;;23947;5593
;23550;23961;57.91;;23961;5818
;23399;23457;58.95;;23457;6068
;23776;23566;57.48;;23566;6071
;24223;31044;34.39;;31044;5837
;22245;25694;42.23;;25694;6083
;22102;23911;52.14;;23911;6086
;24607;26668;56.4;;26668;6089
;24823;28010;49.97;;28010;6090
;25021;31989;45.03;;31989;6088
;25232;30429;50.13;;30429;6097
;25130;28166;51.91;;28166;6094
;23197;24772;54.07;;24772;6095
;22975;24243;54.71;;24243;6096
;24164;26192;68.21;;26192;7103
;26778;28943;68.41;;28943;7112
;24083;26192;59.61;;26192;7096
;22286;23542;61.93;;23542;6902
;23968;26108;68.56;;26108;5058
;24344;24634;57;;24634;5021
;25679;26717;48.31;;26717;6108
;25641;26260;51.4;;26260;6583
;23997;24958;56.83;;24958;6868
;21200;21235;60.68;;21235;5850
;23043;21427;59.87;;21427;5049
;25273;25439;67.21;;25439;6092
;23575;23920;56.33;;23920;6092
;23395;28338;41.41;;28338;6408
;25374;27998;47.48;;27998;6436
;25020;27209;49.36;;27209;6448
;24970;26346;51.03;;26346;6680
;24684;25827;51.56;;25827;6709
;25026;25269;53.28;;25269;6301
;23126;27063;43.53;;27063;6767
;22854;24133;54.6;;24133;7076
;24078;25485;52.73;;25485;7096
;24119;24900;54.29;;24900;7099
;23278;25057;49.73;;25057;7099
;21426;22093;53.09;;22093;7106
;20390;22676;49.57;;22676;7104
;21818;23603;41.61;;23603;7102
;21688;29782;42.58;;29782;7096
;22324;27595;42.78;;27595;7082
;21924;23821;43.61;;23821;7097
;22056;26748;43.26;;26748;7087
;21632;20806;51.03;;20806;7080
;23121;23435;28.82;;23435;6099
;25292;30230;32.89;;30230;7092
;24882;29181;22.32;;29181;7096
;21990;26564;31.94;;26564;5087
;23717;23231;23.52;;23231;6086
;26609;25775;19.64;;25775;6619
;25125;23412;27.26;;23412;6953
;26487;26444;37.91;;26444;6956
;24135;22598;17.17;;22598;6970
;21261;22913;12.83;;22913;6031
;25058;27524;23.23;;27524;5062
;25382;24141;37.61;;24141;6092
;25936;32362;26.01;;32362;6075
;25688;27791;35.32;;27791;6091
;26495;30739;36.24;;30739;6091
;24791;27224;43.76;;27224;6095
;24656;29247;45.5;;29247;6091
;25831;30249;43.17;;30249;6089
;25955;27481;45.42;;27481;6097
;25797;30807;46.32;;30807;6096
;26102;29244;45.6;;29244;6096
;25682;25916;49.03;;25916;6097
;23640;23558;43.22;;23558;6097
;23121;27321;42.07;;27321;6094
;25028;23884;51.03;;23884;6094
;25294;24644;46.05;;24644;6095
;25087;24788;45.15;;24788;6097
;25299;24410;45.11;;24410;6097
;25660;24716;52.45;;24716;6095
;23820;28928;36.56;;28928;6098
;20515;26964;42.53;;26964;7050
;24903;23919;46.07;;23919;6100
;25540;29931;39.75;;29931;7110
;25029;24484;28.54;;24484;7100
;20732;25982;39.99;;25982;5087
;23820;22198;39.56;;22198;6078
;26316;24865;20.97;;24865;6963
;26036;24687;27.31;;24687;6947
;26905;26473;25.06;;26473;6966
;22225;20519;21.51;;20519;6998
;21129;21161;27.92;;21161;6036
;25421;27448;28.45;;27448;5042
;25904;31800;18.79;;31800;4257
;23696;30037;18.03;;30037;3736
;24590;28992;19.36;;28992;3737
;26025;32591;24.66;;32591;4674
;26178;25842;42.07;;25842;5978
;26273;28348;32.39;;28348;6027
;26415;27740;34.47;;27740;6031
;26389;26046;40.61;;26046;6033
;24480;25796;30.18;;25796;6194
;23847;22950;41.74;;22950;6098
;25255;26743;34.75;;26743;6513
;25553;27133;29.92;;27133;6768
;25387;28098;29.1;;28098;7091
;25551;27073;30.83;;27073;7099
;26297;30944;13.01;;30944;6593
;24582;29329;11.76;;29329;6442
;24256;29828;15.73;;29828;6487
;22063;27527;27.56;;27527;7060
;25052;24100;27.7;;24100;6099
;25461;30389;28.27;;30389;7109
;23574;29880;31.33;;29880;7098
;22764;26086;16.11;;26086;5085
;24179;21325;21.05;;21325;6075
;24384;25864;27.93;;25864;6976
;26511;23973;29.2;;23973;6946
;27033;25905;32.02;;25905;6962
;22068;20398;23.96;;20398;7006
;23074;21578;34.57;;21578;6031
;25536;24790;33.04;;24790;5060
;24111;27114;31.18;;27114;7100
;23820;25479;31.72;;25479;7110
;25723;25100;44.59;;25100;7108
;25730;26316;39.64;;26316;7104
;25932;25297;44.31;;25297;7106
;25690;25732;45.53;;25732;7102
;25353;24640;43.76;;24640;7102
;23765;23905;41.28;;23905;7102
;23664;23499;40.3;;23499;7106
;24779;26165;36.23;;26165;7103
;24650;28456;34.67;;28456;7100
;24365;29727;31.81;;29727;7098
;22610;25945;35.1;;25945;7105
;22029;26785;37.14;;26785;6981
;22285;29098;19.96;;29098;5755
;20958;26090;19.91;;26090;5201
;22112;25997;24.58;;25997;5739
;23186;24623;31.86;;24623;6904
;23180;26502;28.41;;26502;7092
;20644;29444;29.19;;29444;6080
;24046;26855;37.62;;26855;6101
;24532;28182;24.18;;28182;7112
;22168;25739;27.74;;25739;7101
;22692;22601;21.87;;22601;5086
;23070;21800;27.32;;21800;6070
;23321;24993;24.81;;24993;6977
;25399;24166;24.78;;24166;6932
;24191;23451;24.84;;23451;6962
;23075;23276;18.75;;23276;6986
;22543;23648;17.22;;23648;6028
;22286;26688;23.24;;26688;5058
;23634;28725;25.85;;28725;7094
;23503;26169;27.25;;26169;7098
;23458;23387;27.41;;23387;7104
;23310;29974;25.21;;29974;7081
;21645;25641;24.04;;25641;7096
;21930;23642;27.24;;23642;7098
;23667;30095;12.4;;30095;7090
;23380;26781;26.41;;26781;7097
;23425;26892;27.41;;26892;7091
;23424;23731;31.71;;23731;7072
;22723;23152;29.47;;23152;7096
;20719;27245;20.26;;27245;7092
;27283;26698;18.56;;26698;7093
;22578;25041;29.05;;25041;7094
;22706;26075;31.33;;26075;7089
;23076;27060;32.25;;27060;7065
;22863;25766;31.55;;25766;7066
;22613;21939;36.83;;21939;5090
;21835;29458;21.72;;29458;6079
;24096;22847;25.6;;22847;6097
;24176;30896;27.01;;30896;7108
;23683;28983;29.81;;28983;7094
;22659;21842;35.67;;21842;5092
;21293;20451;40.9;;20451;6066
;25276;24283;26.74;;24283;6981
;25699;25603;15.46;;25603;6938
;24914;24455;19.41;;24455;6942
;23443;24249;30.25;;24249;7008
;22604;26471;27.35;;26471;6030
;21955;23922;23.27;;23922;5048
;22671;26153;24.52;;26153;5095
;22348;26225;19.59;;26225;5095
;20601;24498;22.61;;24498;5049
;20514;25098;29.05;;25098;5101
;21792;21990;32.29;;21990;5097
;22444;20980;33.27;;20980;5094
;22687;24221;31.31;;24221;5093
;22647;23201;31.11;;23201;5090
;22538;23622;30.86;;23622;5086
;21015;25935;21.91;;25935;5086
;21112;21390;30.57;;21390;5089
;22330;20918;40.55;;20918;5092
;22870;21801;36.02;;21801;5092
;23130;20049;43.46;;20049;5089
;23255;20459;47.16;;20459;5087
;22916;20469;31.4;;20469;5856
;20693;28060;21.58;;28060;6057
;20956;20759;37.13;;20759;6066
;22626;20787;42.79;;20787;6074
;21541;31343;39.32;;31343;6084
;24120;23493;42.11;;23493;5814
;22563;26469;46.55;;26469;7109
;23669;28549;51.49;;28549;7097
;22765;23359;47;;23359;5093
;21606;20214;48.15;;20214;6066
;25474;25239;50.57;;25239;6978
;24438;23427;41.96;;23427;6914
;26674;26412;43;;26412;6746
;23443;24737;45.5;;24737;7003
;20632;24980;40.28;;24980;6038
;22840;21969;47.4;;21969;5055
;22489;25358;39.48;;25358;7045
;24724;24755;38.93;;24755;7042
;24861;26576;31.71;;26576;7051
;23977;24692;33.73;;24692;7069
;23577;22920;48.38;;22920;7073
;23250;21463;42.58;;21463;7003
;21529;21683;36.83;;21683;6652
;21893;20668;41.39;;20668;6903
;23714;22666;45.76;;22666;7025
;24494;24408;44.37;;24408;7008
;24599;24837;38.01;;24837;7011
;24432;22909;44.83;;22909;6993
;24053;24201;40.85;;24201;6983
;22353;27055;32.61;;27055;6984
;22700;23138;34.99;;23138;7001
;24841;25538;43.6;;25538;6996
;25346;25547;45.98;;25547;6979
;25313;24858;47.93;;24858;6617
;21381;30622;47.41;;30622;6072
;22413;27432;42.13;;27432;3837
;22965;29348;39.09;;29348;7110
;23466;29616;39.27;;29616;7098
;22571;23786;44.73;;23786;5089
;23341;21431;42.47;;21431;6066
;25780;24716;46.2;;24716;6978
;22932;26040;47.67;;26040;6649
;27669;28174;45.55;;28174;6749
;23219;24276;45.07;;24276;7008
;20771;21425;39.62;;21425;5044
;22235;22561;41.11;;22561;5061
;26269;25852;37.94;;25852;6990
;25401;26909;35.59;;26909;7023
;25250;26495;35.16;;26495;7038
;24492;24220;38.81;;24220;7031
;22673;21843;44.13;;21843;6971
;23462;23732;39.43;;23732;7016
;25518;26514;40.6;;26514;7008
;26413;25035;40.14;;25035;6971
;26469;25144;44.07;;25144;6965
;26254;24537;39.52;;24537;6963
;25352;24864;38.98;;24864;6993
;23197;24404;38.66;;24404;6991
;23582;24130;38.76;;24130;6974
;25651;25487;39.25;;25487;6969
;26486;26394;38.99;;26394;6955
;26260;25008;39.25;;25008;6952
;26478;25700;43.22;;25700;6950
;25907;23538;49.77;;23538;6942
;24137;23222;40.2;;23222;6937
;23985;30862;40.92;;30862;6069
;22401;27866;40.04;;27866;3963
;24825;29760;43.08;;29760;7113
;23669;30723;45.78;;30723;7096
;20461;24947;39.46;;24947;5085
;23933;22541;40.82;;22541;6203
;25535;22564;36.98;;22564;6969
;22866;23986;36.82;;23986;6899
;26621;25815;42.3;;25815;6932
;22745;22778;33.25;;22778;6953
;22979;25555;34.59;;25555;5042
;22723;23072;40.85;;23072;5054
;23646;22031;47.85;;22031;6960
;22399;21884;44.61;;21884;6966
;22013;23374;43.17;;23374;6970
;22771;21702;52.75;;21702;6953
;23894;22943;49.47;;22943;6945
;24300;24836;46.17;;24836;6942
;24566;24230;47.12;;24230;6944
;24834;22782;51.12;;22782;6942
;23068;23112;40.53;;23112;6972
;23067;21264;39.41;;21264;6978
;24929;23677;42.73;;23677;6964
;24953;23977;43.12;;23977;6964
;24662;24433;42.83;;24433;6976
;25122;24485;42.68;;24485;6977
;24770;23481;47.65;;23481;6973
;23826;22238;46.84;;22238;6965
;23699;23109;42.48;;23109;6960
;25456;27548;40.45;;27548;6977
;25355;24963;45.12;;24963;6961
;23292;27941;40.59;;27941;6075
;24234;28785;48.62;;28785;4684
;24699;25729;48.78;;25729;7115
;23508;26002;48.93;;26002;7093
;21026;23203;49;;23203;5085
;24533;22486;51.46;;22486;6391
;25522;23203;52.47;;23203;6977
;24269;23628;43.35;;23628;6959
;25896;24600;44.99;;24600;6948
;20991;22266;45.37;;22266;6597
;23769;32345;43.03;;32345;5044
;21664;25844;41.9;;25844;5058
;25468;25065;41.63;;25065;6961
;24121;24866;40.4;;24866;6976
;23405;24785;41.85;;24785;6997
;23515;24164;39.52;;24164;7020
;23084;22719;45.64;;22719;7035
;21367;21591;43.61;;21591;7038
;21510;21277;39.9;;21277;7030
;23324;23643;42.75;;23643;7024
;23446;22286;44.05;;22286;7014
;23379;21871;46.81;;21871;7011
;23649;21933;43.9;;21933;6999
;22954;22630;52.75;;22630;6997
;21376;21053;41.07;;21053;7002
;21379;20137;44.16;;20137;7000
;23174;20647;41.91;;20647;6999
;23701;24236;37.77;;24236;6995
;23322;23498;38.24;;23498;7009
;23352;22518;43.28;;22518;7014
;22105;29373;46.4;;29373;6085
;23936;30120;47.07;;30120;5058
;24792;30172;46.1;;30172;7111
;21778;28723;53.63;;28723;7089
;22289;24597;46.47;;24597;5088
;24579;22796;53.74;;22796;6695
;24020;22229;56.62;;22229;6970
;24010;27976;53.58;;27976;6950
;25166;23132;47.75;;23132;6970
;21267;22612;45.89;;22612;6855
;23289;26297;55.06;;26297;5044
;22565;23901;51.13;;23901;4999
;21135;23296;52.38;;23296;7025
;21933;25201;51.9;;25201;7013
;21737;22286;50.34;;22286;6685
;20346;22782;47.34;;22782;6688
;20972;20323;54.61;;20323;7034
;22666;22881;51.64;;22881;7037
;22680;23577;51.7;;23577;7036
;22553;25494;55.61;;25494;7032
;22627;26343;53.14;;26343;7039
;22490;22678;55.77;;22678;7027
;20847;28441;44.68;;28441;7000
;20896;23528;46.57;;23528;6992
;22504;23657;47.94;;23657;7000
;22655;22192;53.11;;22192;6985
;22530;24356;50.33;;24356;6975
;22800;22884;49.61;;22884;6971
;22300;22014;55.28;;22014;6029
;20390;21569;58.75;;21569;6033
;20617;21125;54.83;;21125;6037
;23084;28555;51.41;;28555;6075
;25274;29044;57.1;;29044;5078
;26117;27561;61.98;;27561;7113
;22742;27523;58.75;;27523;7093
;23391;25375;56.02;;25375;5091
;25212;24177;49.23;;24177;7003
;25956;24370;51.22;;24370;6959
;24760;26979;53.54;;26979;6982
;24626;22106;47.21;;22106;6957
;23311;23939;56.43;;23939;7015
;24896;24111;59.62;;24111;5044
;23115;22085;63.99;;22085;4699
;22784;21215;61.49;;21215;5037
;22291;26979;52.09;;26979;5038
;24458;27826;54.16;;27826;5050
;24475;23410;60.13;;23410;5056
;24705;23366;63.22;;23366;5055
;24797;24710;54.49;;24710;5054
;24767;22923;61.56;;22923;5048
;22825;25557;50.28;;25557;5053
;22921;29574;22.5;;29574;5024
;24593;22915;62.92;;22915;5032
;24728;23947;53.92;;23947;5041
;24768;24839;54.99;;24839;5040
;25207;23502;50.88;;23502;5055
;25506;26662;49.96;;26662;5063
;23551;22981;51.23;;22981;5062
;23045;21419;53.12;;21419;5063
;25014;23988;67.78;;23988;5062
;25133;29630;52.05;;29630;5062
;24979;31110;60.16;;31110;6082
;25610;31273;71.91;;31273;5079
;26043;27267;65.35;;27267;7114
;24916;28455;50.7;;28455;7097
;23621;24989;52.37;;24989;5089
;23156;23726;67.38;;23726;7024
;27786;25404;66.41;;25404;6972
;24849;23978;57.57;;23978;6981
;24650;22889;54.56;;22889;6958
;22868;25910;55.6;;25910;7014
;24507;24048;68.89;;24048;5042
;23127;22560;63.27;;22560;4953
;25210;24079;70.56;;24079;5055
;25918;26823;58.18;;26823;5061
;25649;24935;66.35;;24935;5061
;25760;25725;58.85;;25725;5061
;25651;24617;58.31;;24617;5147
;23974;26275;54.05;;26275;5497
;24143;23491;56.76;;23491;5712
;25800;26635;59.88;;26635;6132
;25678;26503;59.14;;26503;6470
;25604;24693;64.25;;24693;6826
;24975;24403;65.73;;24403;7049
;23687;23617;60;;23617;7074
;21851;23158;55.51;;23158;7100
;20729;20705;58.35;;20705;7066
;21924;23129;55.42;;23129;7099
;22992;23438;55.15;;23438;7098
;23130;23144;54.66;;23144;7100
;23288;22832;59.95;;22832;7101
;23679;23031;63.45;;23031;7104
;23393;25026;68.2;;25026;7104
;25598;28070;59.11;;28070;7111
;24657;25124;60.16;;25124;7102
;24570;27530;63.2;;27530;7098
;21563;25852;56.29;;25852;7062
;24698;24863;62.4;;24863;5048
;25231;24138;67.98;;24138;5798
;26969;25123;68.98;;25123;6392
;25178;23174;61.48;;23174;6846
;22473;20830;62.12;;20830;5972
;23449;24197;61.54;;24197;5017
;26702;28704;71.71;;28704;5052
;25711;33637;60.84;;33637;6785
;26558;29329;72.89;;29329;7101
;25301;30649;68.18;;30649;7092
;24922;33368;60.14;;33368;7106
;26430;33630;67.01;;33630;7103
;27299;32835;68.74;;32835;7107
;27650;29917;77.81;;29917;7103
;28269;31855;79.83;;31855;7102
;27757;26379;85.72;;26379;7112
;25768;27449;81.67;;27449;6788
;25071;28723;73.71;;28723;7112
;26829;31501;84.18;;31501;7111
;26858;31744;91.2;;31744;7108
;27313;30474;96.34;;30474;7104
;27250;32592;71.33;;32592;7109
;27207;31484;64.34;;31484;7108
;25042;28155;67.98;;28155;7109
;24350;28700;61.19;;28700;7108
;25847;28483;63.64;;28483;7105
;21649;23848;68.55;;23848;7099
;25493;29792;46.24;;29792;7110
;25217;23715;43.42;;23715;7106
;23083;22594;42.62;;22594;7100
;21355;20567;41.81;;20567;7027
;25372;24900;47.67;;24900;4039
;23088;24745;50.9;;24745;6016
;26986;26015;48.64;;26015;6627
;24997;24616;55.82;;24616;6845
;22402;22025;55.74;;22025;5974
;21626;23298;60.71;;23298;5019
;27291;29812;52.88;;29812;5049
;23767;33005;48.16;;33005;7104
;25379;25727;48.42;;25727;7110
;25220;25341;51.89;;25341;7112
;25094;25856;49.92;;25856;7112
;25694;24764;56.02;;24764;7108
;25678;24427;65.2;;24427;7108
;23594;25083;54.72;;25083;7105
;23065;24232;47.11;;24232;7102
;24899;25660;47.34;;25660;7102
;25218;23619;47.11;;23619;7107
;25077;23378;58.49;;23378;7104
;25179;23933;50.74;;23933;7093
;25573;25304;56.74;;25304;7105
;23381;22942;56.51;;22942;7107
;23186;25382;48.08;;25382;7100
;24636;31531;40.82;;31531;7096
;24766;25544;48.34;;25544;7104
;25618;29334;55.8;;29334;7107
;25225;24809;49.9;;24809;7106
;22318;22057;37.62;;22057;7096
;23547;22944;38.32;;22944;7008
;25481;23358;39.5;;23358;4020
;23707;24057;47.54;;24057;5991
;27451;25893;49.37;;25893;6872
;23412;20203;54.66;;20203;6869
;24541;23499;53.59;;23499;5960
;23587;22173;57.17;;22173;5021
;25529;31799;36.93;;31799;5227
;21972;30343;25.42;;30343;7090
;24446;29144;37.87;;29144;7099
;24214;25412;41.22;;25412;7106
;24324;24944;45.62;;24944;6794
;24447;22177;51.43;;22177;6797
;23945;22511;51.94;;22511;6793
;21989;21572;55.37;;21572;7092
;21897;19497;55.55;;19497;7102
;23470;24318;46.07;;24318;7102
;24666;25928;38.24;;25928;7103
;24968;24569;43.62;;24569;7105
;25344;22828;57.78;;22828;7109
;25431;23553;43.1;;23553;7107
;23658;22442;44.47;;22442;7109
;22143;26152;39.4;;26152;7110
;23968;22781;49.29;;22781;7105
;23858;22146;52.42;;22146;7103
;23562;22339;51.74;;22339;7106
;23581;23122;45.97;;23122;7102
;23946;26024;37.51;;26024;7107
;24102;27698;44.14;;27698;7048
;23922;30040;45.74;;30040;7105
;23387;21982;53.05;;21982;7088
;23438;23608;39.34;;23608;6984
;21879;23815;39.15;;23815;4649
;25318;25562;39.82;;25562;5983
;26676;25296;56.42;;25296;6876
;22650;21163;56.94;;21163;6851
;23714;24423;47.87;;24423;5960
;22563;20357;47.52;;20357;5019
;24226;28687;54.02;;28687;5700
;21802;21105;57.01;;21105;6174
;20223;21556;60.57;;21556;6461
;19912;22466;50.13;;22466;7016
;19487;22917;46.39;;22917;7032
;19503;18995;49.39;;18995;7079
;21040;21847;43.19;;21847;7066
;22903;28453;38.6;;28453;7052
;23066;27023;39.22;;27023;7073
;23158;23989;41.48;;23989;7088
;22879;22893;47.85;;22893;7090
;21264;20769;56.95;;20769;7090
;21249;19674;55.51;;19674;7086
;22736;20884;54.76;;20884;7084
;23402;24573;44.44;;24573;7080
;23485;25275;42.63;;25275;6463
;23446;28270;41.16;;28270;6193
;22978;21779;52.17;;21779;6478
;21249;26745;35.63;;26745;7005
;24080;29566;37.82;;29566;7103
;22473;32415;58.27;;32415;6735
;22392;24682;46.32;;24682;7108
;23175;25127;46.69;;25127;7087
;23590;24095;44.12;;24095;6961
;21621;24135;42.32;;24135;5025
;25738;26293;56.47;;26293;5973
;27200;24374;44.65;;24374;6855
;24905;22611;53.25;;22611;6833
;24071;24080;47.16;;24080;5957
;20553;25361;42.41;;25361;5019
;25920;27675;43.56;;27675;6043
;22852;22464;46.26;;22464;5079
;20778;19855;47.86;;19855;5082
;20971;19041;48.81;;19041;5079
;23230;22109;52.83;;22109;5070
;23620;22551;46.8;;22551;5063
;23399;20068;51.78;;20068;5061
;23142;21596;46.13;;21596;5061
;22825;20880;49.6;;20880;5055
;21189;25056;43.79;;25056;5007
;21619;23536;46.4;;23536;5071
;23198;24010;46.73;;24010;5068
;23826;23948;45.91;;23948;5061
;24141;24389;53.11;;24389;5063
;24463;23971;56.25;;23971;5060
;24032;23274;58.5;;23274;5060
;22072;22722;48.8;;22722;5053
;21794;21621;52.42;;21621;5051
;23571;22290;55.25;;22290;5050
;23453;23471;54.26;;23471;5053
;22472;26424;56.6;;26424;7100
;22921;31690;54.61;;31690;6991
;22075;28444;55.42;;28444;7103
;23122;28161;48.14;;28161;7075
;23172;25062;46.05;;25062;5976
;23638;24175;45;;24175;5185
;25840;26062;48.77;;26062;5963
;25122;26860;48.39;;26860;6878
;25173;23224;50;;23224;6808
;24375;25157;54.77;;25157;5952
;20894;23801;49.8;;23801;5030
;26087;26483;46.1;;26483;6050
;26096;25916;46.68;;25916;6028
;26542;25563;54.1;;25563;6031
;26830;25414;55.18;;25414;6021
;27093;28213;49.33;;28213;6015
;27085;26577;48.25;;26577;6007
;25375;25258;50.09;;25258;6011
;25834;26153;48.61;;26153;6006
;27491;27234;52.47;;27234;6004
;27620;27430;55.23;;27430;6007
;27596;27140;55.27;;27140;5879
;27700;27189;49.43;;27189;6010
;26508;26148;50.33;;26148;6016
;25097;24512;49.82;;24512;6008
;24838;23263;55.15;;23263;5134
;26336;22847;56.95;;22847;5341
;25926;25570;45.83;;25570;5661
;25102;25550;44.67;;25550;5660
;24457;26255;44.4;;26255;5737
;22395;25163;49.59;;25163;7100
;24237;30442;47.69;;30442;7101
;23496;25909;43.98;;25909;7101
;23116;25160;49.15;;25160;7077
;20928;19209;44.98;;19209;6052
;24165;22709;53.01;;22709;5793
;25498;25537;51.63;;25537;5958
;24544;24353;47.07;;24353;6852
;25452;24304;47.41;;24304;6761
;23520;24658;44.87;;24658;5975
;23193;25156;45.82;;25156;5036
;24533;25730;49.76;;25730;6145
;27615;25893;56.46;;25893;5884
;28307;27554;48.24;;27554;5699
;27270;26763;46.62;;26763;5924
;24850;25511;47.65;;25511;5908
;25406;25445;46.2;;25445;5911
;27587;27153;47.37;;27153;5900
;27787;26544;49.6;;26544;5905
;26772;25175;48.09;;25175;5905
;26385;25200;45.33;;25200;5912
;25478;22343;53.62;;22343;5917
;23662;22122;49.28;;22122;5716
;23835;22833;48.36;;22833;5934
;24995;24051;44.89;;24051;5938
;25548;24068;50.71;;24068;5946
;26111;23994;58.57;;23994;5928
;26947;24004;49.67;;24004;5902
;26567;24094;51.06;;24094;5902
;24931;22794;50.59;;22794;5997
;24608;22804;45.62;;22804;6316
;22827;23336;48.9;;23336;7105
;24126;33297;54.78;;33297;7106
;23546;23069;51.37;;23069;7107
;22908;21872;50.77;;21872;6495
;21098;22195;57.23;;22195;6049
;24491;23707;42.78;;23707;6003
;24635;23693;47.08;;23693;5504
;25821;27347;45.55;;27347;6862
;25326;22746;48.86;;22746;6738
;21290;22714;41.33;;22714;5983
;23422;25060;42.17;;25060;5003
;24470;28646;48.47;;28646;6856
;22268;22457;47.16;;22457;6904
;22274;22588;47.11;;22588;6889
;23431;22111;49.96;;22111;6877
;23547;20239;48.34;;20239;6865
;24778;20931;45.24;;20931;6852
;25177;21948;44.7;;21948;6854
;25129;23540;48.63;;23540;6878
;23611;24314;44.37;;24314;6875
;23801;21923;45.17;;21923;6876
;25605;24781;48.56;;24781;6846
;25700;24766;48.44;;24766;6828
;25940;24524;49.61;;24524;6845
;25727;23403;54.44;;23403;6846
;25557;23605;55.89;;23605;6844
;23819;23594;55.13;;23594;6854
;23456;23051;51.34;;23051;6852
;24630;22473;59.01;;22473;6848
;23991;22982;55.42;;22982;6857
;24004;22041;45.55;;22041;6844
;23045;27931;47.19;;27931;7107
;24594;28138;44.42;;28138;7111
;23287;21863;56.46;;21863;7100
;21069;22426;45.2;;22426;6633
;23014;22152;54.54;;22152;6041
;24966;23045;46.2;;23045;6030
;22969;22178;43.04;;22178;5557
;24825;25033;52.05;;25033;6901
;24399;21138;48.13;;21138;6811
;21669;22289;41.07;;22289;5984
;23704;25795;43.95;;25795;5027
;23679;29065;47.67;;29065;6881
;24607;23517;53.88;;23517;6840
;24984;22871;48.79;;22871;6821
;24285;22719;43.58;;22719;6833
;23103;22736;53.08;;22736;6843
;21273;20469;54.55;;20469;6847
;21722;20509;46.25;;20509;6845
;23532;22416;55.57;;22416;6828
;23881;23686;58.55;;23686;6830
;23826;22868;57.26;;22868;6821
;23747;23736;47.55;;23736;6784
;23587;22996;56.06;;22996;5985
;21818;21319;54.95;;21319;5981
;22057;21838;51.18;;21838;5970
;23835;23633;50.19;;23633;5851
;23949;23425;57.41;;23425;5968
;23979;23010;56.76;;23010;5967
;23882;23572;57.1;;23572;5966
;23503;21386;59.42;;21386;5958
;24973;27814;51.59;;27814;7104
;24873;29435;51.69;;29435;7111
;23323;21334;59.69;;21334;7099
;21424;23617;55.41;;23617;6678
;23427;21892;59.53;;21892;6040
;24445;22017;51.08;;22017;6026
;23542;24645;52.32;;24645;5818
;23672;26343;56.76;;26343;6887
;21846;23679;58.01;;23679;6844
;23300;22496;67.64;;22496;5975
;23863;26534;66.21;;26534;5033
;23273;33319;61.55;;33319;7076
;21482;23236;59.77;;23236;5953
;22237;21446;64.87;;21446;5932
;21017;22017;55.48;;22017;5923
;21557;26540;33.83;;26540;5911
;23267;24097;52.61;;24097;5916
;23178;24773;51.51;;24773;5892
;22716;22226;64.78;;22226;5889
;22873;24402;51.65;;24402;5903
;22836;23721;53.18;;23721;5903
;20675;20757;53.86;;20757;5908
;21025;20948;55.36;;20948;5910
;22940;20183;54.05;;20183;5901
;23197;21527;56.21;;21527;5655
;23012;22504;52.98;;22504;5652
;23253;21186;56.43;;21186;5668
;22520;22621;50.07;;22621;5020
;20469;23416;51.25;;23416;5312
;21119;23979;46.46;;23979;5797
;23447;24438;51.46;;24438;5045
;26220;31773;55.77;;31773;7103
;26366;27176;49.32;;27176;7109
;24093;22132;55.36;;22132;7095
;23613;23006;60.08;;23006;5919
;24393;25255;47.35;;25255;6028
;24313;22836;50.11;;22836;5998
;26726;25176;55.44;;25176;5903
;24693;26669;55.61;;26669;6911
;22773;22916;57.77;;22916;6864
;24297;24352;55.36;;24352;5962
;24919;27508;61.96;;27508;5037
;23953;29421;57.92;;29421;7070
;22666;28119;47.19;;28119;5050
;25039;29506;51.44;;29506;5049
;25234;26538;57.09;;26538;5050
;25601;25447;63.18;;25447;5052
;25399;25753;65.52;;25753;5050
;25470;27226;61.62;;27226;5051
;23408;23907;61.62;;23907;5049
;23266;22876;65.46;;22876;5047
;25297;24237;64.65;;24237;5051
;25948;24542;56.96;;24542;5046
;25660;29058;51.82;;29058;5049
;25661;24479;55.72;;24479;5045
;25487;25885;57.05;;25885;5044
;23429;26004;56.58;;26004;5041
;23403;24193;55.78;;24193;5048
;25852;25354;71.44;;25354;5050
;25769;25521;64.13;;25521;5053
;25856;27536;60.02;;27536;5046
;26180;26090;65.74;;26090;7107
;24497;30237;63.69;;30237;7109
;22094;25644;60.38;;25644;7082
;23765;23614;63.54;;23614;6072
;24144;25855;71.75;;25855;6021
;24489;25867;82.15;;25867;5906
;27896;25934;67.08;;25934;5895
;24672;24157;64.13;;24157;6900
;24811;23945;65.23;;23945;6829
;24017;23715;59.89;;23715;5954
;22990;24704;23.32;;24704;5043
;26029;29821;55.23;;29821;7090
;26625;28398;68.06;;28398;7094
;26656;34185;52.22;;34185;7086
;26489;34303;48.74;;34303;7067
;26275;29468;55.85;;29468;7084
;24847;27898;58.05;;27898;7089
;24809;26434;55.68;;26434;7090
;26839;33106;53.2;;33106;7084
;26699;29238;56.52;;29238;7097
;26747;29612;58.26;;29612;7096
;26197;27159;57.48;;27159;7100
;25305;26293;50.69;;26293;7095
;23559;23392;52.7;;23392;7098
;22630;20745;67.5;;20745;7099
;21301;26002;46.95;;26002;7101
;23257;32124;29.03;;32124;7096
;23836;29542;41.57;;29542;7102
;23300;27724;49.15;;27724;7091
;23288;29035;31.71;;29035;7099
;22207;23489;30.32;;23489;7101
;22009;27242;19.02;;27242;7057
;26180;24465;23.58;;24465;7112
;26848;30225;17.25;;30225;7105
;22892;23726;17.22;;23726;6075
;22300;22353;23.57;;22353;5066
;23802;22734;57.79;;22734;4057
;24090;22903;25.47;;22903;5999
;26978;25797;62.36;;25797;6959
;26500;25071;58.13;;25071;6970
;22667;24472;55.01;;24472;7009
;24649;22525;40.84;;22525;6051
;25652;25561;53.68;;25561;5039
;27207;26559;52.59;;26559;6079
;25579;26370;49.7;;26370;6734
;24897;24222;57.73;;24222;7095
;26989;30283;45.15;;30283;7084
;26633;32561;44.35;;32561;7102
;26561;26162;55.84;;26162;7098
;26600;24808;54.72;;24808;7104
;26467;26337;52.78;;26337;7102
;24156;29616;37.33;;29616;7104
;23756;24333;49.13;;24333;7104
;25849;25249;56.68;;25249;7104
;25915;25260;62.99;;25260;7101
;25937;24304;59.49;;24304;7103
;26300;28240;45.02;;28240;7101
;26780;26872;44.44;;26872;7104
;24950;23221;56.89;;23221;7108
;24375;22200;50.67;;22200;7107
;25912;24583;47.92;;24583;7109
;26165;24905;59.01;;24905;7111
;20818;28546;61.38;;28546;7086
;26773;26465;46.44;;26465;7110
;26702;35263;58.68;;35263;7109
;22139;28888;50.11;;28888;6059
;21328;21859;54.21;;21859;5064
;23866;22474;50.18;;22474;4059
;23870;22395;49.44;;22395;5997
;27869;27366;60.38;;27366;6984
;24723;23156;63.12;;23156;6954
;24456;26656;51.58;;26656;7035
;22707;24784;52.77;;24784;6040
;23813;26091;47.82;;26091;5039
;27117;26927;52.71;;26927;7102
;27393;32995;44.86;;32995;7110
;27002;30813;46.43;;30813;7112
;26718;26258;63.28;;26258;7116
;26333;25448;64.01;;25448;7114
;24584;24192;52.44;;24192;6484
;24306;23238;53.65;;23238;6085
;26252;26590;51.13;;26590;6080
;25994;28858;43.31;;28858;6078
;26612;26303;48.15;;26303;6054
;26921;27085;51.79;;27085;6076
;27063;25430;64.08;;25430;6073
;25198;24266;65.03;;24266;6210
;24389;27581;52.77;;27581;6874
;26817;31337;58.73;;31337;7087
;27002;29816;64.33;;29816;7104
;24559;29724;50.8;;29724;7085
;27488;26703;42.16;;26703;7110
;26625;33476;47.99;;33476;6077
;23267;27462;52.6;;27462;6049
;24222;23882;45;;23882;5061
;21731;21962;43.95;;21962;4457
;26265;24601;45.5;;24601;6001
;28761;28281;46.91;;28281;6972
;24941;23822;44.63;;23822;6958
;24398;25018;39.59;;25018;7026
;23528;24385;16.61;;24385;6039
;23349;26233;19.16;;26233;5233
;25509;26450;46.57;;26450;6072
;25480;27908;47.8;;27908;6075
;25726;34398;20.14;;34398;6072
;25497;28331;45.47;;28331;6075
;25634;31525;44.97;;31525;6072
;24055;27931;53.16;;27931;6079
;23947;29445;49.5;;29445;6076
;26130;32692;41.52;;32692;6077
;26844;31347;45.74;;31347;6077
;26709;30088;57.29;;30088;6075
;26379;31658;48.41;;31658;6075
;26630;33269;31.64;;33269;5718
;24663;28338;52.09;;28338;5422
;23699;26764;47.15;;26764;6082
;24729;26148;44.72;;26148;6081
;24390;29260;40.19;;29260;6074
;22967;27884;34.85;;27884;6074
;22035;29399;13.59;;29399;6075
;21716;30207;11.57;;30207;6076
;23610;30379;38.07;;30379;7086
;23811;24286;28.51;;24286;7115
;22851;27453;23.88;;27453;6084
;23961;31767;27.81;;31767;6040
;23354;26827;52.85;;26827;5062
;20911;21420;35.99;;21420;4645
;25371;23375;41.8;;23375;6005
;27114;25997;40.65;;25997;6966
;25434;25222;47.42;;25222;6966
;23530;22315;35.29;;22315;7033
;21437;20348;40.74;;20348;6028
;23886;22191;37.87;;22191;5541
;24404;24741;57.32;;24741;5054
;24095;21950;57.85;;21950;5052
;21926;27241;41.58;;27241;5050
;21864;24612;43.28;;24612;5045
;23545;24067;49.39;;24067;5050
;23497;23144;59.04;;23144;5054
;23088;25458;52.62;;25458;5054
;22958;27300;42.26;;27300;5058
;22547;24537;43.07;;24537;5059
;20976;21478;49.54;;21478;5058
;21021;20883;53.1;;20883;5059
;22421;20706;48.42;;20706;5059
;22970;20271;52.09;;20271;5062
;23040;26330;41.41;;26330;5057
;23130;22048;54.71;;22048;5056
;22710;21305;45.98;;21305;5061
;20783;21566;42.43;;21566;5063
;20684;24065;31.31;;24065;5063
;23584;30396;43.83;;30396;7094
;23959;23748;41.06;;23748;7114
;22647;29041;42.65;;29041;6080
;23642;23884;39.02;;23884;6035
;23079;23482;44.72;;23482;5060
;22976;21921;51.35;;21921;4229
;25306;25914;61.13;;25914;5999
;25326;24687;62.61;;24687;6382
;25526;25115;58.53;;25115;6968
;23506;22300;46.87;;22300;7014
;21325;25677;65.16;;25677;6017
;23847;23974;64.32;;23974;5731
;21073;25459;43.25;;25459;4930
;21257;21615;55.35;;21615;5536
;23214;23690;49.67;;23690;5902
;23435;24639;46.72;;24639;5982
;23598;24294;52.15;;24294;5991
;23355;22452;57.17;;22452;6010
;23001;23110;66.32;;23110;5064
;21121;21786;67.38;;21786;5059
;21208;22205;66.24;;22205;5059
;22718;22431;69.7;;22431;5055
;23270;23225;68.58;;23225;5053
;23418;22937;70.42;;22937;5051
;23648;24391;69.04;;24391;5051
;22838;22740;66.92;;22740;5055
;20801;20047;69.34;;20047;5059
;20976;20818;57.81;;20818;4055
;22880;21838;69.84;;21838;4051
;22801;22599;68.07;;22599;4057
;22482;22623;62.52;;22623;4056
;22281;22679;68.9;;22679;7060
;25988;28679;64.56;;28679;7111
;24795;32110;68.16;;32110;6078
;23930;32263;55.44;;32263;6022
;20934;20911;56.08;;20911;5055
;23231;21885;62.87;;21885;4056
;25277;23399;63.93;;23399;6002
;25303;24220;65.44;;24220;6344
;25110;24562;65.26;;24562;6985
;22997;22982;58.64;;22982;7015
;23505;30631;57.76;;30631;6016
;23741;23867;57.56;;23867;6038
;23778;24010;55.36;;24010;5054
;23886;23893;60;;23893;5053
;23831;22135;60.27;;22135;5048
;23717;22882;56.75;;22882;5051
;21862;22061;49.68;;22061;5047
;22081;22363;57.61;;22363;5037
;24349;24347;48.68;;24347;5043
;24736;23931;63.62;;23931;5043
;25212;22892;63.66;;22892;5044
;25441;23934;62.21;;23934;5039
;25263;23301;55.33;;23301;5029
;23256;22902;64.18;;22902;5029
;23529;21699;60.94;;21699;5022
;25532;22888;63.65;;22888;5032
;25535;23226;64.55;;23226;5916
;25704;23702;63.56;;23702;5946
;25301;23847;63.89;;23847;5987
;25080;24122;64.89;;24122;5995
;22130;25039;65.85;;25039;6080
;26095;26701;57.05;;26701;7114
;24947;28783;62.11;;28783;6082
;23804;27061;63.44;;27061;6014
;21199;19347;56.41;;19347;5048
;22777;22626;60.88;;22626;4429
;25043;23046;64.82;;23046;6003
;26878;24301;59.9;;24301;6952
;24962;24572;57.68;;24572;6982
;21376;26840;57.31;;26840;6918
;24024;28636;56.97;;28636;5736
;22247;24276;61;;24276;6036
;26110;24779;61.25;;24779;5882
;25318;23977;65.98;;23977;5971
;23242;22956;65.61;;22956;5985
;23503;24545;55.24;;24545;5982
;25331;23596;60.73;;23596;6007
;25735;24373;58.25;;24373;6001
;25997;24118;65.19;;24118;6003
;25980;24316;60.31;;24316;5997
;25248;23567;61.49;;23567;6103
;22825;22014;66.37;;22014;6216
;23104;22531;60.13;;22531;6479
;25631;24458;64.09;;24458;6788
;25584;24354;63.35;;24354;5985
;25618;23678;66.72;;23678;5992
;25840;23861;66.42;;23861;5983
;25585;23408;66.68;;23408;5494
;23407;21793;66.68;;21793;5616
;23484;22501;62.72;;22501;6084
;25377;23543;67.57;;23543;6716
;23125;21700;58.53;;21700;6076
;26548;26552;58.79;;26552;7115
;24842;25178;67.37;;25178;6079
;21870;26460;69.35;;26460;6008
;23058;20590;66.74;;20590;5046
;23160;22262;66.33;;22262;5049
;23102;22585;60.13;;22585;5996
;25997;24239;64.71;;24239;6954
;24220;23128;59.75;;23128;6994
;21410;23281;58.81;;23281;7046
;24004;22851;66.02;;22851;5737
;22709;25068;68.54;;25068;6035
;23404;22032;64.23;;22032;6962
;24070;23053;60.56;;23053;6973
;23926;23786;57.77;;23786;6976
;23438;21398;65.57;;21398;6947
;23436;21482;60.15;;21482;6978
;22957;24548;54.82;;24548;6979
;22078;22498;58.12;;22498;6984
;22472;23523;58.99;;23523;6979
;24349;23215;59.47;;23215;6966
;24809;23664;64.73;;23664;6983
;24979;23337;64.5;;23337;6978
;24863;23431;63.92;;23431;6967
;24833;22495;66.06;;22495;6975
;22915;21597;67.39;;21597;6985
;23403;22230;65.39;;22230;6971
;25530;23658;63.79;;23658;6972
;25610;23543;70.48;;23543;6976
;25524;24464;63.16;;24464;6942
;25550;23758;62.73;;23758;6961
;25396;26480;63.6;;26480;6081
;26720;26868;64.37;;26868;7113
;24595;26661;71.45;;26661;6074
;21850;22531;69.43;;22531;5056
;23208;21946;71.96;;21946;5042
;22917;22632;70.06;;22632;5058
;23578;22653;62.2;;22653;5988
;25696;26086;69.22;;26086;6941
;21833;21065;76.28;;21065;6971
;22800;21874;69.19;;21874;7046
;24266;25128;67.96;;25128;5734
;21933;23760;72.61;;23760;6049
;24679;22969;72.8;;22969;6967
;24949;23671;67.02;;23671;6978
;24335;24848;72.02;;24848;6974
;22120;22180;75.56;;22180;6993
;22419;22852;69.39;;22852;6988
;24508;23676;72.66;;23676;6906
;24494;23754;76.57;;23754;6983
;24722;23928;75.16;;23928;6982
;24881;23400;72.56;;23400;6985
;24597;23275;75.51;;23275;6961
;22892;22686;74.19;;22686;6987
;23144;25936;53.61;;25936;6972
;24959;27225;55.72;;27225;7000
;24771;25820;63.77;;25820;6989
;24320;23390;67.41;;23390;6999
;24354;23660;76.67;;23660;7009
;23682;23561;66.86;;23561;7009
;21616;20629;73.64;;20629;6999
;25441;26215;56.85;;26215;6080
;26614;27080;56.48;;27080;7112
;24249;31662;61.49;;31662;6070
;23770;29697;64.96;;29697;5060
;23297;26136;67.45;;26136;5033
;21014;21269;76.62;;21269;5060
;26016;24601;57.56;;24601;5985
;24884;25076;55.54;;25076;6984
;21982;21736;63.9;;21736;6978
;22709;23240;60.92;;23240;7025
;23924;27993;53.42;;27993;5012
;22324;22894;56.1;;22894;6048
;21005;22734;58.53;;22734;6998
;20903;27526;55.78;;27526;6984
;20878;28368;40.98;;28368;7037
;22660;21674;72.27;;21674;7054
;23002;22143;72.76;;22143;7053
;23071;23343;61.29;;23343;7051
;22957;25356;54.1;;25356;7051
;22347;24755;56.79;;24755;7055
;20497;22774;55.66;;22774;7055
;20937;22747;58.81;;22747;7058
;22469;28503;55.03;;28503;7057
;22766;23853;58.17;;23853;7057
;22613;23492;62.57;;23492;7046
;22803;23107;72.28;;23107;7033
;22481;22790;64.53;;22790;7024
;20546;26011;58.28;;26011;7020
;22371;25827;53.15;;25827;6061
;24492;26600;56.43;;26600;6056
;24880;24243;63.27;;24243;6049
;26646;33642;72.07;;33642;6077
;26157;26875;58.95;;26875;7113
;23640;29838;59.6;;29838;5058
;25658;27853;69.56;;27853;5059
;24037;22008;49.88;;22008;5031
;21979;20775;50.51;;20775;5054
;27364;27100;47.85;;27100;5994
;25972;24201;65.31;;24201;6958
;24457;23329;54.49;;23329;6942
;23732;25072;48.82;;25072;7022
;22935;25403;52.36;;25403;4934
;25213;24010;54.19;;24010;6052
;24407;22862;63.57;;22862;5064
;24435;23969;57.95;;23969;5063
;24272;24782;55.58;;24782;5066
;24404;24291;59.8;;24291;5062
;24397;25181;65.1;;25181;5063
;22387;24090;56.23;;24090;5061
;22357;23674;66.35;;23674;5058
;24394;25940;62.94;;25940;5057
;25110;27292;60.23;;27292;5051
;24888;27243;60.76;;27243;5053
;25353;27558;66.66;;27558;5050
;25197;26832;65.39;;26832;5048
;23707;29066;56.2;;29066;5046
;23444;27899;53.46;;27899;5044
;25346;28498;61.75;;28498;5043
;25444;25503;55.24;;25503;5046
;25490;25276;55.36;;25276;5043
;25822;24164;58.06;;24164;5041
;27059;27582;67.05;;27582;6082
;25062;26893;53.37;;26893;7109
;23830;31316;50.93;;31316;4764
;25730;29983;62.68;;29983;5060
;24166;21682;61.32;;21682;4735
;24356;22821;57.22;;22821;5060
;26746;24990;66.46;;24990;5983
;25191;23706;54.95;;23706;6955
;24884;23959;63.22;;23959;6965
;23491;25141;59.51;;25141;7010
;22865;23309;64.42;;23309;5066
;25461;24708;59.84;;24708;6043
;25679;28292;55.19;;28292;6037
;26284;30171;55;;30171;6100
;26094;28576;64.12;;28576;6098
;24182;26187;56.25;;26187;6094
;23998;26964;54.87;;26964;6102
;25927;26195;54.5;;26195;6099
;26046;25154;54.04;;25154;5060
;25935;26344;60.65;;26344;5060
;25772;24800;58.44;;24800;5058
;24533;24741;62.44;;24741;5056
;22910;21775;67.95;;21775;5057
;22040;21170;68.66;;21170;5231
;21353;19808;70.24;;19808;5645
;20267;20752;59.61;;20752;6008
;22620;21671;70.82;;21671;6066
;23068;21474;68.61;;21474;6073
;23622;23412;60.22;;23412;6074
;22772;22874;57.69;;22874;6071
;22140;20608;60.32;;20608;6073
